errorType,checksum,crc8,crc10,crc16,crc32
Burst,0.0,23.30275229357798,19.816513761467892,20.91743119266055,100.0
None,0.0,0.0,0.0,0.0,0.0
Odd,100.0,100.0,100.0,100.0,100.0
Single,100.0,100.0,100.0,100.0,100.0
Two,20.18348623853211,100.0,100.0,100.0,100.0
