errorType,checksum,crc8,crc10,crc16,crc32
Burst,0.0,21.467889908256883,25.137614678899084,23.30275229357798,100.0
None,0.0,0.0,0.0,0.0,0.0
Odd,100.0,100.0,100.0,100.0,100.0
Single,100.0,100.0,100.0,100.0,100.0
Two,22.385321100917434,100.0,100.0,100.0,100.0
